{
  "eye": {
    "orientation": [
      -0.18265682458877563,
      0.9210928678512573,
      -0.3194729685783386,
      0.12712740898132324
    ],
    "magnitude": 0.5773502588272095,
    "position": [
      105.29437255859375,
      -162.66696166992188,
      -229.0252227783203
    ]
  },
  "radius": 150,
  "type": "PERSPECTIVE"
}