{
  "eye": {
    "orientation": [
      -0.030673928558826447,
      -0.025046205148100853,
      -0.04662362113595009,
      0.998127281665802
    ],
    "magnitude": 0.5773502588272095,
    "position": [
      -14.192432403564453,
      19.067882537841797,
      299.05706787109375
    ]
  },
  "radius": 150,
  "type": "PERSPECTIVE"
}